"genre"	"y1945"	"y1946"	"y1947"	"y1948"	"y1949"	"y1950"	"y1951"	"y1952"	"y1953"	"y1954"	"y1955"	"y1956"	"y1957"	"y1958"	"y1959"	"y1960"	"y1961"	"y1962"	"y1963"	"y1964"	"y1965"	"y1966"	"y1967"	"y1968"	"y1969"	"y1970"	"y1971"	"y1972"	"y1973"	"y1974"	"y1975"	"y1976"	"y1977"	"y1978"	"y1979"	"y1980"	"y1981"	"y1982"	"y1983"	"y1984"	"y1985"	"y1986"	"y1987"	"y1988"	"y1989"	"y1990"	"y1991"	"y1992"	"y1993"	"y1994"	"y1995"	"y1996"	"y1997"	"y1998"	"y1999"	"y2000"	"y2001"	"y2002"	"y2003"	"y2004"	"y2005"	"y2006"	"y2007"	"y2008"	"y2009"	"y2010"	"y2011"	"y2012"	"y2013"	"y2014"	"y2015"	"y2016"	"y2017"	"y2018"	"y2019"	"y2020"	"y2021"
"Drama"	0	17	37	98	379	680	910	1076	1341	2632	2466	1780	1573	1690	1553	1720	1894	1122	1565	1471	2240	2356	2056	1916	2145	2797	2952	2635	2612	2558	2680	2532	1714	2194	1431	1548	2267	2865	2648	2845	1864	2158	2268	2069	2622	2578	2708	2838	3609	4448	4098	5230	5890	5965	6536	7793	9188	9118	9572	8536	9677	11168	15705	17802	17647	18758	19168	20613	19452	21016	23019	22204	26178	27404	28297	16008	17912
"Comedy"	5	13	20	19	74	168	506	455	690	998	1195	764	878	796	644	783	940	828	925	1057	1210	984	1079	1075	1244	1372	1412	1454	1489	1328	1489	1310	1439	1416	1474	1518	1730	1979	1629	1664	1434	1762	2032	2168	2743	2880	3672	3283	3740	3993	4523	4469	4703	4573	4206	4321	4498	4228	4728	6460	6519	7469	9099	10013	11661	13243	17537	21066	24554	25343	26648	28802	28503	25190	22904	21997	12978
"Talk-Show"	0	5	9	76	96	119	172	114	30	32	141	107	281	275	226	149	296	471	127	234	625	412	821	684	936	647	651	666	655	623	559	515	603	610	629	748	729	840	678	655	938	861	1060	1068	1633	1309	1357	1493	1781	1957	2217	2348	2871	3017	3077	3106	3929	4089	5203	6724	7043	7858	9453	9119	10104	12958	17012	19311	23190	24284	26320	29715	29696	25726	26732	32141	20596
"Drama,Romance"	0	0	0	0	13	26	186	131	22	18	7	209	120	86	25	119	165	181	420	809	1389	1397	1120	1560	1541	2143	3335	3164	3673	2950	3403	2774	3899	2979	3086	3887	3735	4721	3938	3608	4817	3985	4662	5071	4861	5025	5434	5536	5335	4659	5001	5936	5864	5796	7317	5897	6128	5432	7672	7918	7728	7681	7167	7524	9143	8894	8665	9302	8713	9027	7968	6597	7035	7628	6478	4954	4487
"News"	0	2	0	1	0	21	55	137	123	147	49	35	63	84	61	52	37	85	83	107	322	418	428	375	404	405	431	473	431	596	739	714	719	744	747	400	236	345	516	505	534	541	783	624	728	1011	913	965	867	1006	1929	1773	2206	2640	2785	3215	3507	3087	3265	3921	4199	4365	6103	5645	6266	7200	7871	12748	14730	14065	14014	14980	15223	12219	12425	13393	14978
"Documentary"	0	1	5	3	5	13	28	9	11	56	80	145	292	230	214	230	311	345	407	499	413	551	634	642	746	696	714	581	604	597	629	760	728	793	705	801	838	987	947	1073	1003	1051	1175	1076	1063	1374	1080	1229	1348	1446	1509	1683	1638	1992	2387	2619	3188	3429	4128	4869	5616	6225	7025	7038	7461	7797	9202	9806	10373	10935	11838	12850	13319	13286	13184	12761	8037
"Reality-TV"	0	0	0	0	0	0	0	0	0	0	0	1	3	1	1	4	7	21	10	11	7	1	1	24	3	26	19	15	5	0	27	63	59	77	76	70	42	58	54	53	13	25	21	20	31	32	30	89	199	333	397	443	416	491	661	1076	1095	861	1614	2623	3206	4166	6278	7658	8765	11198	14732	15091	15253	15797	16163	16488	16050	15018	14621	12174	8200
"Adult"	0	0	0	0	0	0	0	0	0	0	0	0	0	0	0	0	0	0	0	0	0	0	0	0	0	0	0	0	0	0	0	0	0	0	0	0	0	0	0	0	0	0	0	0	0	0	3	0	0	0	0	1	0	4	24	51	235	540	881	1289	1882	2702	3773	5173	5452	7200	6917	7768	9512	10374	11529	12705	12609	12336	11337	9539	5891
"Game-Show"	2	9	5	16	27	45	124	87	130	163	191	242	301	208	200	316	220	223	543	673	467	593	478	520	549	198	203	225	524	308	307	500	656	640	785	758	669	740	1435	1447	1394	1504	1573	1370	945	1099	1291	1066	1575	1808	2259	2003	1469	2065	2729	3003	2772	2093	2389	2889	2027	3007	2808	3543	3541	3414	3450	3535	3339	4041	4287	3993	4124	4544	4900	3930	3063
"News,Talk-Show"	0	0	4	1	2	7	9	36	9	10	20	20	42	18	21	24	14	22	37	46	59	88	85	61	32	19	21	21	50	27	70	55	109	174	169	189	69	72	71	94	93	117	116	139	200	203	103	121	333	630	638	574	550	936	937	973	1121	1328	1517	2181	3062	2113	2608	2558	2516	3927	5958	7282	7805	7900	7785	8084	8571	5978	6051	6518	6669
"Family"	0	3	1	22	21	44	99	98	75	63	171	186	234	269	281	337	412	547	622	895	885	1144	909	819	681	799	653	547	663	525	586	466	524	583	579	603	581	556	622	639	935	640	617	645	666	694	585	702	686	938	1102	898	786	1655	1480	1763	1710	1856	1956	2232	1801	2563	3097	2859	2511	3141	3173	2775	3435	4115	4130	4720	4710	4189	3884	3882	1917
"Comedy,Talk-Show"	0	0	0	0	0	15	32	4	0	0	0	0	0	0	0	0	14	111	403	322	277	286	266	296	275	334	263	272	323	248	252	250	309	233	237	346	269	217	163	171	169	279	311	142	168	237	376	504	300	260	310	794	1039	1188	1350	1176	1131	1263	1283	1483	1474	1649	1701	1306	1758	2075	2337	2411	2955	3688	4370	5074	5433	5325	5234	4381	2237
"Sport"	0	5	18	13	12	21	27	38	28	16	19	43	50	98	42	135	83	90	79	132	95	118	84	102	144	165	152	130	165	165	232	261	233	257	283	290	313	361	378	324	313	336	343	352	335	430	376	441	404	423	469	523	637	859	885	926	977	1206	1073	1149	1242	1550	1767	1921	1986	2445	2655	3168	3074	3051	3249	4162	5073	4683	5308	4449	3211
"Music"	0	17	164	334	474	557	738	342	306	227	295	424	586	667	719	532	492	555	624	1001	1519	1534	1190	746	918	901	776	571	566	822	937	674	601	527	482	733	580	446	445	537	496	421	442	381	273	285	325	383	427	368	342	304	228	517	763	718	778	717	815	1166	1269	1404	1388	1418	1478	1508	1871	1857	2002	2171	1882	2043	1819	1714	1681	1766	999
"Comedy,Drama,Romance"	0	0	0	0	0	0	0	6	0	0	13	22	0	7	13	1	7	25	8	7	6	5	26	0	38	4	92	46	235	290	116	130	369	153	155	128	162	233	397	150	167	286	437	44	174	92	358	243	205	524	1263	795	333	1214	1413	946	998	1267	1198	991	1121	2786	2825	2620	2767	1765	1984	2109	2521	3482	4420	3474	2696	3107	2554	1974	1380
"Romance"	0	0	0	0	5	0	0	13	15	145	2	0	0	0	0	3	0	0	0	0	3	38	17	8	397	183	81	312	16	15	0	0	6	21	25	224	23	6	16	0	7	5	254	5	3	383	384	101	198	380	166	487	182	663	262	531	165	334	778	1740	1873	2001	1345	1285	2240	2665	2090	1369	2375	3299	2899	3188	2932	4104	2873	1225	1405
"Comedy,Drama"	0	0	2	0	14	37	103	213	232	217	271	291	247	186	152	144	149	166	184	160	110	104	108	106	117	175	264	155	118	355	135	129	116	134	147	168	170	106	143	225	205	283	293	237	314	221	280	381	475	496	390	483	392	487	485	972	1029	836	985	613	866	907	1350	1620	1179	1365	1438	2093	1686	1862	1677	1694	2583	3217	2653	1929	1696
"Action,Adventure,Animation"	0	0	0	0	0	0	0	0	0	0	0	0	0	0	52	0	28	1	74	150	130	125	195	136	41	13	19	83	104	110	52	32	134	224	243	242	247	269	748	668	986	577	490	235	249	315	553	383	450	713	995	767	847	738	1065	1186	1035	1356	1358	1384	1403	1496	1096	1086	1072	1098	1124	1495	1401	1479	1626	1727	1830	2102	2160	1641	1484
"Animation"	0	0	0	0	4	6	0	0	2	3	1	13	0	1	196	90	94	24	84	55	64	55	169	76	48	112	20	52	93	121	184	87	136	92	152	249	130	50	83	28	66	118	66	79	285	246	253	81	236	160	190	193	183	399	545	224	268	476	440	537	539	1002	742	1219	1272	1469	1982	1833	2172	2048	2479	2434	3049	2790	2949	2944	1843
"Crime,Drama,Mystery"	0	0	6	11	2	73	83	112	116	84	96	269	335	373	351	345	375	329	303	341	169	67	114	117	310	179	244	331	352	410	241	123	185	186	297	376	382	341	308	360	368	224	322	239	258	260	214	215	273	323	704	573	734	767	550	422	577	450	772	797	1345	847	898	1047	950	1006	1326	1124	1295	1629	1225	1511	1628	1477	1407	1183	1047
"Comedy,Music,Talk-Show"	0	0	0	0	0	44	69	14	0	66	256	249	19	0	0	1	15	234	194	256	250	254	259	281	457	321	270	298	311	309	492	418	305	359	295	207	68	216	187	159	164	163	203	161	202	162	158	336	558	760	853	932	890	703	749	725	721	698	1032	1058	1366	1268	1173	1407	1390	1486	1302	1299	1506	1311	906	773	766	601	663	409	260
"Crime,Drama"	0	12	0	0	0	16	133	230	98	154	157	27	195	219	434	521	426	247	252	282	210	274	355	407	421	311	366	357	323	320	320	222	145	188	219	269	196	191	297	307	268	233	169	239	258	327	287	294	428	655	712	894	912	772	774	694	699	769	939	930	930	818	681	734	560	551	796	765	683	531	935	1038	862	966	981	791	860
"Comedy,Family"	0	0	0	32	59	111	134	136	279	315	194	205	153	243	322	355	394	434	426	298	323	280	252	276	338	347	251	374	394	362	491	327	274	162	196	142	191	276	200	283	276	361	367	482	670	392	505	508	650	597	753	595	482	729	457	467	736	1101	529	717	553	443	532	520	554	724	898	870	976	600	1119	746	827	986	1078	755	394
"Crime"	0	0	0	0	0	0	2	1	0	2	6	12	20	58	100	56	71	20	53	83	92	106	125	83	58	141	43	98	91	126	75	130	158	71	42	94	67	68	41	40	54	142	59	113	65	87	55	139	130	109	107	156	173	150	179	208	302	317	514	676	712	900	1199	1103	1334	1276	1581	1340	1321	1630	1626	2182	2046	1958	2601	1579	1185
"Adventure,Animation,Comedy"	5	2	10	10	6	3	5	4	6	14	8	22	4	0	28	61	199	58	137	60	49	58	49	46	144	191	160	197	205	256	247	205	230	211	95	229	103	217	251	366	192	296	318	271	384	388	444	479	309	307	428	417	595	713	549	408	305	599	626	637	647	721	797	648	620	707	922	964	993	1135	1221	1382	1736	1792	1410	1395	1002
"Drama,Family"	0	0	0	0	0	4	44	24	40	51	90	78	68	60	8	44	45	42	111	146	34	24	35	27	69	73	344	90	85	117	65	76	94	102	86	90	90	288	83	76	113	139	145	164	511	197	138	405	522	636	566	579	541	665	1086	617	439	738	543	880	831	1119	1097	1349	840	913	915	1560	1205	864	1294	1085	1274	1205	846	788	568
"Animation,Comedy,Family"	12	9	11	12	15	13	18	18	18	19	14	21	75	108	134	424	427	165	231	77	296	120	181	196	195	100	180	234	335	234	158	220	205	247	169	291	271	296	214	187	329	365	294	378	243	335	503	552	589	306	270	439	460	551	579	512	636	515	532	385	569	649	961	560	557	924	796	660	509	779	953	1039	912	851	1182	968	570
"Comedy,Drama,Family"	0	0	0	0	5	13	19	32	76	81	137	143	152	108	48	36	38	32	41	42	45	31	0	0	30	27	27	26	140	30	0	3	63	47	80	84	71	153	369	189	311	92	176	327	200	158	481	413	184	475	352	487	964	992	972	1016	552	922	1071	1285	1348	971	1121	1208	547	643	594	671	822	751	675	914	851	725	486	614	403
"Comedy,Romance"	0	0	0	0	0	17	43	39	44	65	39	0	10	34	8	0	3	7	6	62	4	0	41	11	24	53	33	44	24	3	9	213	142	13	18	173	14	59	13	13	0	0	33	180	29	197	3	68	132	196	180	297	663	532	241	386	676	318	518	794	1225	1208	1380	1849	765	781	893	1201	1114	1330	1100	1273	1678	1266	1595	657	1006
"Action,Crime,Drama"	0	0	0	0	13	72	54	64	102	45	13	38	52	126	183	158	139	98	76	35	74	75	76	93	133	116	136	158	170	234	317	248	165	164	100	92	108	148	154	234	203	147	105	95	68	42	15	18	63	191	200	259	390	364	263	279	278	371	389	453	371	340	343	434	507	763	1083	1128	876	810	903	951	1602	1324	1416	590	405
"Family,Game-Show"	0	2	3	11	64	117	102	245	162	179	185	96	160	159	188	184	224	154	172	184	221	215	190	170	161	174	139	70	128	74	238	71	69	230	311	345	238	105	228	821	1007	663	537	560	445	487	326	330	530	644	588	437	392	270	249	334	350	371	390	307	301	288	353	369	343	376	364	283	305	258	228	296	358	337	344	217	155
"Game-Show,Reality-TV"	0	0	1	0	0	0	0	0	0	1	0	1	3	1	0	1	0	0	0	0	0	10	261	0	0	0	0	0	0	0	0	0	0	0	0	0	0	0	0	0	22	18	1	3	2	9	1	0	10	52	45	52	49	48	56	198	285	189	270	409	528	842	909	972	754	1163	1074	1436	1095	1303	1317	1182	1069	1487	1534	1383	1110
"Crime,Drama,Romance"	0	0	0	0	0	0	0	0	0	0	0	0	0	0	0	0	0	14	256	201	262	265	33	0	1	0	0	3	1	0	1	1	5	4	4	5	27	47	23	48	118	143	190	344	138	123	163	158	150	363	291	208	373	682	523	361	282	651	577	327	349	534	1263	709	495	1047	1291	479	479	804	885	783	1026	952	1040	788	817
"Documentary,News"	0	0	0	0	0	0	7	44	55	95	86	64	58	54	84	93	44	25	36	57	39	70	22	30	30	45	40	43	73	81	73	62	74	79	91	77	59	52	78	75	88	91	88	120	115	134	152	145	157	218	225	285	375	336	388	354	291	314	450	487	537	553	459	543	482	1054	1336	1410	1120	1070	1031	990	910	641	501	623	1036
"Comedy,News,Talk-Show"	0	0	0	0	0	0	0	0	0	0	0	0	0	0	0	2	0	1	1	0	3	0	1	0	1	2	1	0	0	0	0	0	0	0	0	0	0	0	0	0	0	0	0	0	1	1	0	0	5	4	46	123	230	220	228	182	182	251	223	254	335	571	545	581	593	729	883	1073	1357	1394	1216	1601	1509	1513	1217	1274	935
"Animation,Family"	0	0	0	0	0	0	0	0	0	0	11	11	14	23	33	29	19	50	79	33	7	75	67	48	55	27	63	214	157	119	255	228	177	145	183	142	236	112	168	121	111	131	179	175	176	150	236	236	129	148	194	202	230	180	238	265	344	390	322	215	596	404	355	493	760	616	627	498	484	761	928	792	890	714	857	595	275
"Animation,Comedy"	0	0	0	0	0	0	0	0	0	0	0	0	0	20	84	143	26	67	18	37	28	18	0	74	2	52	230	188	32	47	62	20	0	43	0	0	13	63	29	44	22	11	26	104	145	77	79	81	93	125	103	173	96	213	195	246	437	419	373	426	556	745	652	522	724	539	701	797	933	735	974	941	810	990	778	682	807
"Music,Talk-Show"	0	0	0	0	0	0	0	11	7	31	15	13	106	55	111	149	96	75	77	150	118	100	81	143	224	178	163	161	191	183	170	120	203	184	172	178	219	191	203	216	224	202	179	157	187	136	209	301	215	230	220	346	288	225	154	194	173	383	362	424	427	505	435	406	509	580	665	532	755	663	710	482	491	485	318	178	197
"Crime,Documentary"	0	0	0	0	0	0	0	0	0	0	0	0	0	0	0	0	0	0	0	0	0	0	0	0	0	0	0	0	0	0	0	0	6	8	0	8	9	15	15	14	9	10	10	102	112	113	74	80	95	113	74	78	84	117	181	134	157	178	264	373	342	362	329	431	368	460	502	745	842	804	950	1155	1264	1350	1594	1940	1341
"Comedy,Game-Show"	0	0	1	1	5	0	5	0	0	0	0	0	45	20	0	0	1	1	1	1	12	1	2	5	27	7	33	36	159	271	285	302	353	293	92	36	54	106	39	20	38	14	29	29	16	38	109	93	174	266	291	225	204	267	440	486	539	441	475	411	477	547	259	348	353	378	656	689	658	617	566	752	786	723	614	562	354
"Documentary,Reality-TV"	0	0	0	0	0	0	0	0	0	0	0	0	0	0	0	0	0	0	0	0	0	0	0	0	0	0	0	0	0	12	0	0	0	5	13	0	2	1	1	1	0	0	0	1	27	13	7	46	54	18	5	6	11	30	25	35	33	80	90	133	381	794	1228	1084	1101	998	867	935	889	861	1348	1004	932	1029	776	640	411
"Comedy,Crime,Drama"	0	0	0	0	0	0	0	7	27	31	48	83	80	74	71	47	37	27	9	9	13	8	4	0	4	0	0	202	245	227	244	190	120	0	12	20	11	18	19	23	12	27	49	45	72	88	155	110	143	119	104	83	91	102	99	137	166	164	177	405	331	386	516	525	581	640	718	659	582	666	652	957	1132	606	944	524	499
"Adventure"	0	0	0	0	0	1	0	78	73	93	120	75	170	184	241	270	268	173	117	136	62	101	147	193	166	179	141	119	164	98	85	94	79	29	96	40	31	45	44	44	42	63	32	32	45	97	57	63	65	102	94	49	31	62	95	128	157	123	143	171	252	218	320	480	202	322	326	431	585	604	657	808	967	1011	821	717	438
"Drama,Mystery,Romance"	0	0	0	0	0	0	0	0	0	0	0	0	0	0	0	9	3	0	6	3	44	0	39	0	89	60	60	40	42	214	12	125	4	82	52	9	85	9	49	43	89	183	16	186	27	638	279	270	294	359	473	388	161	221	231	205	220	230	642	593	955	971	895	403	371	531	753	377	232	298	226	143	351	339	259	231	153
"Drama,Family,Romance"	0	0	0	0	0	2	4	0	0	0	0	0	0	6	0	0	0	3	6	0	0	0	3	0	3	9	3	16	28	40	44	45	48	59	55	37	39	22	11	1	4	0	35	43	52	60	50	212	369	423	297	304	291	289	551	279	407	307	309	324	400	364	398	488	345	304	298	572	325	422	428	854	986	747	730	621	484
"Action,Adventure,Comedy"	0	0	0	0	0	0	0	0	0	0	0	0	0	0	0	0	0	0	0	0	35	178	125	50	25	13	59	92	102	22	22	36	47	32	36	56	19	34	57	45	41	29	25	35	96	76	154	148	135	145	115	143	198	283	195	194	216	161	133	140	268	277	302	485	468	352	497	607	925	964	856	819	769	577	650	521	460
"Comedy,Music"	1	64	92	70	159	219	179	127	130	225	212	275	287	274	210	190	138	148	192	262	237	301	283	282	346	390	287	298	328	181	249	259	243	147	113	233	167	112	118	67	69	122	122	136	120	152	107	96	111	101	133	139	183	216	212	189	124	159	232	158	123	160	123	146	117	127	164	121	238	192	156	226	230	150	120	53	92
"History"	0	0	0	0	0	0	0	0	0	0	0	0	2	6	9	9	16	10	31	31	4	14	12	32	49	20	18	0	39	13	29	11	27	52	34	40	50	36	8	76	42	51	56	32	82	78	47	83	65	17	50	13	217	118	152	88	97	73	162	156	161	180	236	212	181	282	648	655	594	801	977	1024	868	1193	1040	1073	876
"Animation,Comedy,Drama"	0	0	0	0	0	0	0	0	0	0	0	0	0	0	0	0	0	2	3	2	2	1	11	11	24	61	56	57	52	52	47	88	66	52	288	315	218	115	93	67	60	108	206	102	164	181	178	108	123	148	139	185	277	204	197	333	311	395	322	315	436	545	588	531	359	379	522	418	447	445	425	535	518	463	401	380	219
"News,Sport,Talk-Show"	0	0	0	0	0	0	0	0	0	0	0	0	0	0	0	0	1	0	0	0	0	0	0	0	0	0	1	1	0	0	8	7	9	9	2	2	8	6	3	2	6	1	2	13	2	10	7	11	6	6	5	7	3	4	10	9	10	30	60	87	222	325	314	347	330	716	839	970	846	755	800	1078	1443	1129	963	967	724
"Action,Adventure,Drama"	0	0	0	0	0	2	19	14	23	38	25	1	0	0	0	1	0	1	14	4	14	34	44	47	0	1	45	253	59	142	98	176	72	81	128	132	120	74	122	102	126	51	118	138	88	21	42	23	45	86	146	145	140	219	277	185	305	437	197	495	517	354	613	587	471	303	443	308	225	377	419	464	505	437	507	504	312
"Documentary,History"	0	0	0	0	0	0	0	0	0	0	0	0	10	32	28	27	27	31	26	20	22	27	16	21	32	25	11	18	31	9	6	32	33	62	35	26	40	49	34	50	200	96	103	26	22	51	52	88	73	69	50	98	174	200	357	246	205	226	289	372	356	378	503	504	494	428	364	433	478	468	648	597	567	581	647	604	350
"Action,Animation,Comedy"	0	0	0	0	0	0	0	0	0	0	0	0	0	0	0	0	0	0	0	0	14	26	126	8	4	1	2	1	15	35	0	18	18	1	0	1	93	271	132	75	77	121	261	101	108	170	111	83	78	92	37	68	220	154	101	117	250	162	222	351	198	337	466	566	683	617	561	444	588	609	562	697	554	576	373	300	207
"Comedy,News"	0	0	0	0	0	0	0	0	0	0	0	0	0	0	0	0	0	0	0	1	1	1	0	0	0	0	0	0	0	0	5	1	0	0	0	0	1	0	0	0	2	0	1	1	0	0	0	0	0	0	0	29	30	160	290	236	276	119	59	48	41	62	227	254	172	372	725	654	715	1001	895	1130	1205	1112	913	836	379
"Comedy,Reality-TV"	0	0	0	0	0	0	0	0	0	0	0	0	0	0	0	5	21	38	32	9	2	15	10	0	3	1	1	0	0	29	3	22	0	0	0	1	0	0	1	14	19	13	13	6	10	27	80	91	9	7	12	21	15	55	61	28	12	72	197	262	296	277	232	299	294	275	369	388	544	727	994	1107	1050	1159	711	1051	525
"Comedy,Short"	0	0	0	0	0	0	0	0	0	0	2	2	0	0	2	4	7	0	6	0	0	0	0	0	8	0	1	0	0	0	0	0	0	0	0	24	0	21	42	35	0	0	0	6	7	13	7	4	1	4	5	7	0	0	6	22	12	37	56	18	48	107	261	554	535	503	701	1007	910	1027	1085	911	927	888	582	571	139
"Horror"	0	0	0	0	0	0	0	0	0	13	0	0	2	39	13	12	1	6	28	97	157	33	29	46	20	37	55	77	39	24	14	36	53	51	61	56	50	27	42	1	23	7	12	25	60	23	6	0	3	7	450	3	19	11	42	18	28	4	35	264	65	63	93	99	137	111	250	500	506	524	765	764	845	968	1364	1061	603
"Thriller"	0	0	0	0	0	0	0	12	7	5	39	48	31	28	32	23	35	32	48	21	52	54	28	12	8	51	17	24	23	59	14	8	0	26	18	20	33	116	16	17	18	14	22	38	45	33	128	60	48	59	71	71	99	162	71	65	133	574	394	219	245	229	137	134	114	154	250	608	294	497	263	663	795	1150	801	605	515
"Sport,Talk-Show"	0	0	0	0	0	0	0	0	0	0	0	0	0	0	0	0	0	0	1	3	0	0	0	1	0	0	0	0	0	0	0	0	6	0	10	7	10	10	11	7	9	5	8	2	1	2	2	2	2	55	32	36	168	100	21	38	48	82	37	89	189	465	310	314	285	228	358	301	306	513	414	610	956	842	1038	1323	928
"Sci-Fi"	0	0	0	0	0	35	33	14	10	17	62	40	10	0	27	51	1	10	19	11	29	47	26	22	56	23	0	18	24	16	0	44	3	35	10	24	8	5	0	53	10	30	17	28	18	28	31	49	17	24	42	2	70	103	16	38	4	10	18	116	213	56	125	185	262	288	413	522	553	462	465	646	908	817	782	935	659
"Fantasy"	0	0	0	0	0	0	0	8	3	0	0	0	0	0	0	0	8	14	10	0	3	0	1	7	0	0	12	2	13	13	0	42	10	7	10	6	7	1	9	1	18	5	12	37	11	5	9	4	8	40	32	6	25	2	1	16	9	9	31	145	48	44	71	232	113	129	238	340	585	610	1142	1020	815	841	1209	1042	569
"Biography"	0	0	0	0	0	2	0	0	0	0	0	8	0	9	0	0	0	2	2	15	0	1	7	4	3	27	13	9	16	15	9	16	29	22	21	12	14	13	16	22	47	27	47	53	18	16	20	23	13	3	26	31	24	18	35	11	56	65	32	87	140	224	247	323	316	656	563	375	579	610	1039	444	1050	629	630	402	367
"Family,Game-Show,Reality-TV"	0	0	0	0	0	0	0	0	0	0	0	0	0	0	0	0	0	0	0	0	0	0	0	0	0	0	0	85	224	251	254	214	212	227	214	193	195	199	199	196	189	188	186	190	185	179	185	173	178	183	185	184	196	191	177	164	191	176	177	178	191	189	188	233	219	214	107	235	229	223	270	233	147	195	212	53	51
"Action,Sport"	0	0	0	0	0	0	0	0	0	0	0	0	0	0	0	0	0	0	0	0	0	0	0	0	0	0	0	7	1	0	3	4	2	1	8	2	3	1	11	30	54	87	65	59	61	67	72	67	148	110	179	170	160	205	250	249	130	145	202	215	159	210	222	165	284	349	297	330	356	424	372	386	425	422	479	514	500
"Comedy,Drama,Music"	0	0	1	0	1	0	15	25	40	39	42	64	39	4	3	6	1	0	0	0	0	6	0	0	0	0	6	14	0	0	0	0	0	0	0	0	0	0	3	0	13	0	6	0	0	0	0	0	0	0	156	135	143	121	118	83	62	80	201	353	406	360	368	368	498	795	631	680	457	337	408	442	303	345	291	42	53
"Western"	0	0	0	0	16	96	133	207	201	194	261	373	385	742	951	914	705	371	271	228	280	308	288	212	198	134	110	81	31	49	23	19	13	20	13	9	0	0	1	0	6	0	0	0	0	0	3	0	0	14	22	14	14	20	10	0	0	0	0	1	9	23	30	43	2	0	29	43	45	24	40	26	98	44	49	13	21
"Drama,Reality-TV"	0	0	0	0	0	0	0	0	0	0	0	0	0	0	0	0	0	0	0	0	0	0	0	0	0	0	0	0	0	0	0	0	0	0	0	0	0	0	0	0	0	0	0	0	0	0	0	13	22	24	23	23	23	23	23	23	22	40	44	112	174	174	122	125	138	259	229	383	660	599	612	721	908	862	867	780	447
"Adventure,Comedy,Drama"	0	0	0	0	0	0	10	0	0	0	0	0	0	6	0	0	0	0	0	26	0	5	8	0	18	0	5	8	13	9	12	7	15	51	51	24	38	51	43	29	29	58	64	16	24	107	295	61	47	52	79	124	205	445	416	351	389	273	628	195	298	208	274	343	384	169	537	385	289	149	133	320	178	133	87	164	133
"Adventure,Drama,Family"	0	0	0	0	0	0	8	7	0	36	61	104	84	93	65	74	103	91	73	102	118	106	118	158	147	80	66	71	98	92	67	84	62	50	58	86	76	290	46	51	19	83	84	199	64	59	18	120	41	65	59	89	100	264	130	16	114	141	268	251	197	658	456	283	244	259	395	218	96	174	15	27	17	62	93	80	53
"Short"	0	0	0	0	0	0	0	0	0	0	3	3	4	2	0	0	4	0	20	13	6	4	4	0	6	7	4	0	1	0	0	1	2	23	11	7	14	26	14	4	6	21	6	1	1	17	47	23	2	0	26	0	5	1	1	8	37	17	56	1	62	37	1	28	86	101	155	373	472	625	819	1001	917	717	885	1073	427
"Biography,Documentary"	0	0	0	0	0	0	0	0	18	17	25	20	26	32	37	31	104	269	112	38	0	0	0	0	16	36	41	40	35	44	32	37	33	38	36	39	33	31	32	28	33	37	37	37	33	59	101	84	58	112	159	185	204	242	310	335	358	307	285	224	211	248	180	240	272	245	183	167	156	157	113	212	357	367	244	161	125
"Action"	0	0	0	0	0	0	0	0	0	0	0	0	12	53	0	0	0	0	0	0	0	0	0	0	3	3	7	20	40	80	6	6	0	20	33	33	8	0	0	0	0	31	46	60	44	23	22	102	22	20	72	49	41	26	64	30	38	26	34	90	183	141	193	307	229	338	371	471	491	544	601	536	437	730	466	499	415
"Mystery"	0	0	0	0	2	17	46	8	0	21	29	24	75	18	2	41	39	14	8	2	13	9	7	95	278	30	8	0	4	33	18	27	42	75	25	13	39	29	29	10	0	15	19	4	19	15	161	43	64	50	55	112	49	0	14	174	16	54	146	87	112	172	129	189	174	252	389	610	322	435	506	454	449	468	374	395	336
"Comedy,Family,Music"	0	0	0	6	94	137	80	62	35	51	21	30	38	23	31	13	7	64	88	98	285	321	311	276	253	267	286	287	296	210	78	85	111	107	83	99	57	38	29	53	59	20	57	42	237	106	93	95	79	79	46	51	41	25	22	31	17	32	67	111	92	48	67	43	69	95	91	35	13	80	37	124	163	169	184	105	144
"Crime,Drama,Thriller"	0	0	0	0	0	0	0	0	0	14	53	7	43	116	135	41	38	45	20	2	14	17	0	1	0	0	0	4	0	3	0	2	10	0	6	1	2	3	14	6	7	3	36	13	6	13	185	15	36	59	167	96	136	117	143	131	258	342	215	163	329	201	108	109	89	143	223	83	117	211	305	289	372	444	572	548	320
"Action,Adventure,Crime"	0	0	0	0	0	0	0	28	26	11	27	25	13	28	58	81	62	63	38	69	109	101	74	60	83	50	42	34	24	31	0	13	59	32	43	37	61	46	69	57	55	67	38	29	58	53	53	57	91	136	64	103	116	136	141	159	156	78	66	246	88	87	88	123	78	52	73	27	104	106	139	413	546	667	420	356	370
"Comedy,Family,Game-Show"	0	1	0	0	7	43	13	11	7	25	29	36	47	55	55	42	35	25	24	27	35	91	324	320	326	169	160	221	183	130	191	208	192	182	144	94	38	49	79	68	68	43	50	12	14	8	30	38	79	69	64	190	137	122	89	34	47	4	47	42	59	91	83	79	46	108	110	165	76	134	247	236	227	212	276	104	43
"Comedy,Drama,Fantasy"	0	0	0	0	0	0	0	0	0	0	0	0	1	0	14	38	18	0	7	39	12	24	123	160	156	112	73	83	52	35	13	0	0	34	27	298	52	36	1	9	207	59	20	22	25	28	10	120	75	27	11	16	27	34	75	31	294	49	138	45	84	95	61	71	114	277	256	299	400	344	436	357	328	409	206	331	125
"Adventure,Animation,Family"	0	0	0	0	1	6	1	1	0	0	0	0	0	16	8	3	2	0	2	6	131	36	88	57	37	14	11	40	78	12	3	26	26	15	42	71	86	61	91	66	74	218	207	85	86	96	89	75	33	43	92	89	108	107	149	79	74	67	32	46	191	115	266	222	169	209	108	295	189	226	384	363	352	245	335	224	125
"Game-Show,Music,Reality-TV"	0	0	0	0	0	0	0	0	0	0	0	0	0	0	0	0	0	0	0	0	0	0	0	0	0	0	0	0	0	0	0	0	0	0	0	0	0	0	0	0	0	0	0	0	0	16	8	0	0	0	0	0	0	0	0	0	38	62	248	461	275	328	355	368	303	231	337	387	487	399	444	333	291	423	418	386	182
"Comedy,Family,Fantasy"	0	0	0	1	0	0	0	0	0	0	0	0	0	0	3	3	37	28	28	52	123	89	65	55	63	41	35	25	47	44	52	68	72	61	33	18	22	32	40	46	28	16	45	33	85	15	272	162	233	60	41	77	39	69	70	115	156	128	157	363	459	275	274	156	243	227	320	231	153	169	170	248	163	66	122	70	83
"Documentary,Family"	0	0	0	0	0	16	33	0	3	1	0	2	0	9	9	3	49	44	57	81	66	59	31	37	25	21	23	30	36	20	37	26	27	38	45	64	58	75	90	63	68	86	89	77	73	74	60	68	107	59	48	39	71	76	92	103	98	157	304	163	157	167	219	183	184	171	180	164	178	356	311	267	310	274	222	210	87
"Documentary,Talk-Show"	0	0	0	0	0	0	0	0	0	0	0	5	5	3	5	4	4	1	0	6	5	9	12	12	13	3	0	15	22	32	21	20	31	22	47	31	65	63	37	44	43	47	41	41	52	62	88	90	88	107	87	102	106	94	84	83	123	54	53	106	138	211	148	145	131	203	239	353	531	248	258	329	348	276	386	330	181
"Family,Fantasy"	0	0	0	1	0	1	0	39	0	0	0	0	7	45	26	19	7	0	0	0	15	229	223	201	218	230	231	206	204	178	212	190	146	168	135	107	152	126	153	91	59	50	48	50	19	91	179	92	104	51	60	20	112	70	113	98	43	95	154	50	74	122	123	6	39	97	195	173	136	72	36	87	75	73	38	31	2
"Adventure,Comedy,Family"	0	0	0	0	0	0	0	0	0	0	19	0	0	2	7	12	8	14	8	6	16	30	36	10	0	30	166	9	20	37	4	20	2	38	7	24	4	23	33	27	33	36	6	0	48	77	61	74	54	208	391	108	376	299	70	48	58	137	76	205	152	238	146	163	128	174	173	161	208	130	131	423	308	285	205	184	194
"Action,Comedy,Drama"	0	0	0	0	0	0	0	0	0	0	0	0	0	0	0	0	0	0	0	0	0	0	7	0	0	0	0	0	0	26	0	0	0	0	0	0	0	0	0	24	0	0	0	0	0	0	0	1	1	0	5	87	12	120	162	9	20	38	85	79	97	223	208	344	307	391	519	491	342	378	619	368	349	416	244	151	175
"Music,Reality-TV"	0	0	0	0	0	0	0	0	0	0	0	0	0	0	0	0	0	0	0	1	8	0	0	0	0	0	0	0	0	0	0	0	0	2	4	2	0	0	0	0	0	0	0	0	0	0	0	0	0	0	0	0	0	0	2	33	35	85	58	179	262	220	252	432	369	400	407	494	486	360	448	382	285	344	271	264	201
"Family,Musical"	0	0	0	0	0	0	0	0	0	0	0	0	0	0	6	6	11	8	21	29	3	0	9	4	0	0	27	0	7	1	4	15	36	10	20	12	8	3	45	3	200	194	202	201	200	5	378	175	375	435	276	29	20	32	0	1	14	10	0	0	0	36	7	6	43	291	318	280	337	330	327	326	265	287	261	42	0
"Reality-TV,Talk-Show"	0	0	0	0	0	0	0	0	0	0	0	0	0	0	0	0	0	0	0	0	0	0	0	0	0	0	0	0	0	0	0	0	0	0	0	0	0	0	0	0	1	0	0	1	23	14	6	13	8	29	80	49	21	22	35	11	155	292	266	313	220	196	179	215	122	189	144	233	257	268	301	436	668	339	459	272	247
"Drama,History"	0	0	0	0	1	23	0	0	40	50	40	23	4	25	0	52	0	10	11	2	17	8	26	5	0	3	12	35	14	41	25	53	61	40	27	90	37	21	20	31	90	68	46	61	29	31	54	88	37	61	50	80	113	66	18	55	102	121	81	103	59	66	179	298	159	68	130	183	211	238	243	289	435	365	315	352	268
"Comedy,Documentary"	0	0	0	0	0	0	0	0	0	0	0	0	0	0	0	0	0	0	0	1	8	0	0	0	0	0	0	0	0	0	0	3	8	1	0	1	0	1	3	0	1	4	8	4	14	16	16	23	11	24	42	52	27	63	90	78	87	240	252	272	310	231	213	229	227	189	194	253	291	185	257	269	377	352	357	379	255
"Action,Adventure,Family"	0	0	0	0	2	4	13	21	39	17	17	39	51	64	32	23	2	13	52	51	12	0	0	4	26	116	12	0	26	0	4	2	13	49	21	0	105	3	2	7	2	17	15	3	13	10	25	55	166	150	221	164	187	121	138	268	350	90	80	257	327	314	61	50	214	60	62	54	205	149	253	312	302	181	37	43	28
"Adventure,Game-Show,Reality-TV"	0	0	0	0	0	0	0	0	0	0	0	0	0	0	0	0	0	0	0	0	0	0	0	0	0	0	0	0	0	0	0	0	0	0	0	0	0	0	0	0	0	0	0	0	0	0	0	0	0	0	16	15	41	84	85	123	152	151	211	268	141	201	185	268	313	256	192	153	110	137	169	190	440	840	467	236	351
"News,Sport"	0	0	0	0	0	0	0	0	0	0	0	0	0	0	0	0	26	93	0	20	27	32	33	33	34	30	32	33	31	33	33	31	35	31	35	33	31	34	29	27	13	5	1	5	3	0	4	18	30	49	46	42	46	68	98	82	214	241	260	194	143	68	145	53	64	159	108	195	337	236	165	111	256	77	99	462	620
"Crime,Reality-TV"	0	0	0	0	0	0	0	0	0	0	0	0	0	0	0	0	0	0	0	0	0	0	0	0	0	0	0	0	0	0	0	0	0	0	0	0	0	0	0	0	0	0	0	0	0	0	4	1	0	0	0	11	3	3	4	15	38	20	5	9	22	12	92	256	310	346	408	471	386	383	404	334	399	417	400	245	142
"Reality-TV,Romance"	0	0	0	0	0	0	0	0	0	0	0	0	0	0	0	0	0	0	0	0	0	0	0	0	0	0	0	0	0	0	0	0	0	0	0	0	0	0	75	190	184	192	197	200	184	78	195	205	200	125	0	0	0	0	0	0	0	10	93	71	138	106	123	153	91	127	139	107	81	170	108	158	203	177	294	306	271
"Documentary,Music"	0	0	0	0	0	0	0	0	0	0	10	0	0	0	0	0	0	0	12	0	2	10	6	17	69	57	16	22	18	13	2	17	29	30	29	1	6	13	22	28	2	14	70	12	22	20	33	44	42	40	74	71	99	66	103	133	117	158	166	298	224	188	199	179	135	140	119	158	140	190	132	195	128	182	181	265	136
"Drama,Thriller"	0	0	0	0	0	0	0	6	0	0	0	0	6	0	0	0	0	12	0	24	5	18	13	0	6	8	6	3	5	0	0	0	3	20	4	0	18	10	0	3	11	35	5	8	7	12	36	47	48	6	6	0	12	0	7	23	20	34	117	164	30	28	32	140	90	38	94	376	122	192	364	374	530	336	285	600	501
"Family,Music"	0	0	0	0	6	92	84	48	49	38	48	82	131	177	176	131	95	106	74	76	88	60	113	118	65	90	88	47	51	69	44	222	48	53	47	40	61	39	34	29	43	39	73	94	170	54	61	41	41	46	30	11	35	6	36	12	102	92	84	73	81	51	65	44	70	102	69	96	60	59	72	39	56	22	23	3	4
"Comedy,Crime"	0	0	0	0	0	0	0	0	0	0	0	0	0	0	0	2	5	4	1	0	7	6	0	10	6	8	16	6	9	78	17	15	13	5	20	13	1	14	26	4	9	21	22	11	10	22	25	0	37	26	59	38	59	54	21	56	40	84	132	67	109	98	103	74	80	84	119	146	151	244	334	248	369	419	565	369	260
"Other"	52	7	0	18	181	361	458	444	491	668	724	1025	1286	1362	1172	1217	1130	1144	1258	1102	1309	1765	1816	1704	1635	1860	1441	1484	2148	2152	1691	2394	1833	1955	2064	1832	1762	2000	2444	2357	2155	2314	2730	2926	3786	4119	3996	4431	3868	4318	4639	5214	5922	5759	5929	6262	7854	7364	8155	9165	11554	14278	13927	14417	15427	16562	18846	20904	22858	25780	27362	28785	30184	28743	28468	26520	19737
